image,roi,density,determinant,mean_eigen,min_eigen,max_eigen,mean_distance,variance_mean,range_mean
CASE 3 (1).JPG,1,44,27.68223336506238,27.59701455852085,0.20650688145265877,80.92812965453679,8.556399061298475,26.969809682190846,11.442808901069462
CASE 3 (1).JPG,2,11,5.1842635119243014e-05,0.9043457063301142,8.667279982323889e-05,2.470873315483745,1.490781197461807,0.8221324603001037,1.7925646509460165
CASE 3 (1).JPG,3,44,0.505910302584815,2.3745131705354066,0.13934629392252237,6.418552016412683,2.3833455017717124,2.3205469621141472,4.978989625069769
CASE 3 (10).JPG,1,82,2.671992990747575,23.34015728227899,0.019750458483753987,68.01153463570557,7.046942552371201,23.055521217860957,11.194657966109807
CASE 3 (10).JPG,2,26,0.0193388099370995,1.1002598107714412,0.010065602573028644,2.5318795905907767,1.678352209136949,1.0579421257417703,3.180610716111378
CASE 3 (10).JPG,3,56,0.5612823852273015,2.1463415390016736,0.09665892181968674,5.232630375933478,2.27876640858941,2.108014011519501,4.6476637859999075
CASE 3 (100).JPG,1,45,0.09883185834575094,13.543440641737895,0.0016106507736321563,39.05766378372908,5.111772262853382,13.242475294143716,9.889933825839295
CASE 3 (100).JPG,2,44,0.3104561121100791,6.065051164249408,0.012333626454730871,16.6731126189438,3.112336500570237,5.927209092334656,8.321351806915787
CASE 3 (100).JPG,3,175,2.094526166834378,3.696310869224917,0.07417345478640858,6.954104173038356,3.1258769955133814,3.675189092829348,7.366088686567134
CASE 3 (101).JPG,1,45,0.04261132521953074,5.572477262620848,0.0015854060057929854,14.913657165633488,3.2343034812812435,5.448644434562605,6.6963813450250464
CASE 3 (101).JPG,2,44,0.2548271435397488,4.313411477317758,0.012120031385283059,11.020234112811703,3.2413968208619157,4.215379398287809,5.3961818445972005
CASE 3 (101).JPG,3,175,5.018393802236771,5.57753432193365,0.07451684394898184,9.752838727828783,3.815937144229747,5.545662697236885,7.759869889242746
CASE 3 (102).JPG,1,4,2.538148141223242e-05,12.27574372308515,1.5116941477034989e-06,36.36552616580771,5.255477145382555,9.206807792313857,3.9752367149040784
CASE 3 (102).JPG,2,2,-1.3452717426579603e-32,9.260700642231267,-4.725692720561224e-16,27.7821019266938,3.727070023939301,4.6303503211156345,3.217416260016085
CASE 3 (102).JPG,3,19,14.692493106206049,8.306661903560599,0.11789075228054635,17.80085682730354,4.436460210064334,7.8694691717942495,8.202136218089299
CASE 3 (103).JPG,1,4,5.489569135973613e-06,0.8896398048625964,5.909355325164689e-06,2.2573935790408592,1.2765143667795673,0.6672298536469476,1.6308283008677424
CASE 3 (103).JPG,2,5,0.016802647344907894,0.5054280426583622,0.06209330053961019,1.2350959217537043,1.0256050707814162,0.40434243412668963,1.4855124411540317
CASE 3 (103).JPG,3,14,1.4205521141788682,2.038406940074412,0.21311690936798258,4.380425049275844,2.188125515999115,1.8928064443548103,4.608307876378624
CASE 3 (104).JPG,1,4,0.0009377285899238563,0.9164433732509457,0.0009667868281411657,2.3325301222440706,1.2949314888062333,0.6873325299382093,1.6759576726091847
CASE 3 (104).JPG,2,5,0.018169983904444385,0.5105966462449787,0.06698435043118962,1.247336483277981,1.031357039494977,0.40847731699598305,1.4955092883272385
CASE 3 (104).JPG,3,7,0.6553101981349247,1.1700328402293303,0.251247588454089,1.8457643711112863,1.6441415976373561,1.0028852916251398,2.9550434836882977
CASE 3 (105).JPG,1,57,0.0714333247655185,20.744164063354347,0.0007456483200879084,60.65224542672327,6.30566292584765,20.380231360488455,9.570152142926004
CASE 3 (105).JPG,2,15,0.009079787989313111,15.9097306432487,9.94945709022901e-05,45.73364396030389,5.451034712760587,14.849081933698777,9.610942013004944
CASE 3 (105).JPG,3,71,61.41875837191684,27.991406101387167,0.06516964756509935,70.55064086183636,7.441991884226396,27.59716094502961,13.190883836650656
CASE 3 (106).JPG,1,57,0.012532873473269859,3.7790133430208055,0.0008002959407673448,9.726110025633517,2.2273799208049256,3.7127148633186873,9.482307006795345
CASE 3 (106).JPG,2,15,0.0003952840142970599,1.3583082913960558,9.932186482556623e-05,2.451202648899928,1.7571063936787588,1.2677544053029857,3.206171978992673
CASE 3 (106).JPG,3,71,88.17623324206308,39.07431977311885,0.062393680349851266,103.50717619086532,10.391715132027906,38.52397724110309,13.064607073967641
CASE 3 (107).JPG,1,3,1.2256302199373818e-19,1.3475352057211076,-1.2236892882357562e-17,4.033935982421836,1.5467370061113002,0.8983568038140715,1.6892009839192121
CASE 3 (107).JPG,2,2,0.0,1.0300826511277807,0.0,3.0902479533833422,1.2430301592043818,0.5150413255638903,0.8453822955850919
CASE 3 (107).JPG,3,0,0.0,0.0,0.0,0.0,0.0,0.0,0.0
CASE 3 (108).JPG,1,2,1.4320173277728139e-33,1.072277294865161,0.0,3.216831884595483,1.2682333942527069,0.5361386474325806,1.200700602598073
CASE 3 (108).JPG,2,13,3.3623979413032923,48.199795721891995,0.01194226093281941,142.61319168249787,11.519841823816979,44.49211912790031,9.678464106973342
CASE 3 (108).JPG,3,10,70.55493057038039,48.91500078010187,0.17387027045311523,143.74820532796213,11.26518396392677,44.023500702091674,10.291697475330276
CASE 3 (109).JPG,1,2,-2.229389727220208e-38,0.04098524552621946,-5.13104169933697e-19,0.12295573657865838,0.2479473095020981,0.02049262276310974,0.23053935186749863
CASE 3 (109).JPG,2,6,0.002122145144905337,0.5311807209117946,0.007811446487447295,1.3903302213660584,0.9441861213190563,0.4426506007598294,1.6610551579009007
CASE 3 (109).JPG,3,22,16.128881346356078,16.954444513085154,0.059122098814238605,44.70134585029938,5.097504542146393,16.18378794430856,11.596283561669429
CASE 3 (11).JPG,1,82,2.671992990747575,23.34015728227899,0.019750458483753987,68.01153463570557,7.046942552371201,23.055521217860957,11.194657966109807
CASE 3 (11).JPG,2,26,0.0193388099370995,1.1002598107714412,0.010065602573028644,2.5318795905907767,1.678352209136949,1.0579421257417703,3.180610716111378
CASE 3 (11).JPG,3,56,0.5612823852273015,2.1463415390016736,0.09665892181968674,5.232630375933478,2.27876640858941,2.108014011519501,4.6476637859999075
CASE 3 (110).JPG,1,6,0.023225052662116448,46.1369600870489,0.00011696407246728388,136.9609655613156,10.646555949836795,38.44746673920742,8.7068890367943
CASE 3 (110).JPG,2,44,10.700998005400312,15.821711536478213,0.0828079462652879,44.47684387050615,5.6629058730579125,15.462127183376445,8.7429736725833
CASE 3 (110).JPG,3,19,45.59811442410267,19.447498332732227,0.31524047013738565,55.41713214852453,5.715053376690852,18.42394578890422,10.528801836880982
CASE 3 (111).JPG,1,23,14.817918720895912,35.06653476515849,0.06736070983451077,102.99645492497673,8.819788312454369,33.54190281884724,10.602515205958936
CASE 3 (111).JPG,2,14,6.4182046285345455,13.361615690331076,0.04904730823761095,36.445282119807906,4.779950938702355,12.407214569593142,9.70403010203732
CASE 3 (111).JPG,3,17,61.211675997948255,21.66422001971877,0.2707142251481305,61.01617812703822,6.3906482827022595,20.3898541362059,10.261992593130772
CASE 3 (112).JPG,1,6,0.0008284241127440646,16.06322858619424,1.0426846353357342e-05,46.48032695862899,4.575428915909871,13.38602382182854,8.031657125275064
CASE 3 (112).JPG,2,8,8.329092557942243,42.23624669735746,0.03989322743805988,124.9985504902837,9.175137379815947,36.95671586018778,10.242077358299644
CASE 3 (112).JPG,3,6,0.000727294887883321,0.4721554611477487,0.009945352957600948,1.3524494203476691,0.9905529264972484,0.3934628842897904,1.4760912901726109
CASE 3 (113).JPG,1,17,0.08945956151072534,9.662536267600684,0.006029024902213738,28.460215216590562,4.013726481447163,9.09415178127123,6.237610539955351
CASE 3 (113).JPG,2,8,0.09255823805299321,13.52819727713913,0.0018759948553195886,39.32819039846769,5.214797650994033,11.83717261749675,6.393228189430219
CASE 3 (113).JPG,3,11,3.389429950745939,8.998610233033023,0.04570037596246123,23.83899462436118,3.3431486988053765,8.180554757302751,8.127898571895022
CASE 3 (114).JPG,1,17,0.41956547292986923,30.70232158938239,0.006295949788407315,91.37133133663204,8.655076593013876,28.896302672359894,9.707109012780647
CASE 3 (114).JPG,2,8,0.0008948785540079795,0.7941052308739326,0.001657885353689669,2.126871389158486,1.2855334315331013,0.6948420770146914,2.5049213212901305
CASE 3 (114).JPG,3,11,0.2534495965364809,1.7616395722083897,0.04831327794306958,3.88698219800657,2.000291858121991,1.6014905201894447,3.951920749724634
CASE 3 (115).JPG,1,54,3.004635821325313,8.648650216392078,0.101008857689653,24.63758904611987,3.4306867892813924,8.48849002719963,9.06216071434516
CASE 3 (115).JPG,2,108,0.20675041123472213,4.07116377089108,0.007952654848295104,9.456294964294369,2.67632614157362,4.033467810049497,8.823464838542629
CASE 3 (115).JPG,3,221,5.94541972751459,5.121072050416768,0.11068681951222814,9.734823897445366,3.051501047710538,5.097899778695427,12.564781815476886
CASE 3 (116).JPG,1,47,11.837854684411132,15.360612605016419,0.20204047548439552,44.56505647644096,4.717484688339294,15.033791060228836,10.287672224259152
CASE 3 (116).JPG,2,33,1.5767722981357533,4.225410424630104,0.05483653634569047,9.637986822019593,2.3051547494366234,4.0973676844897975,8.123204856647193
CASE 3 (116).JPG,3,111,11.012347130795765,9.349795950382822,0.06694613777114711,19.582162703199153,4.080735456279353,9.26556355443343,12.161885984965437
CASE 3 (117).JPG,1,35,14.872675127343872,26.389302010219414,0.13194561834910407,77.58308943239918,8.27493706291454,25.63532195278458,10.014956417583093
CASE 3 (117).JPG,2,33,0.10451481374769318,6.566637833491552,0.002668162745651081,17.452851061925458,2.7050947478549796,6.367648808234233,8.067913957531475
CASE 3 (117).JPG,3,123,2.528522531139997,5.2904194491874215,0.041543722671816496,9.249337146164722,3.443547512357527,5.247407908950123,12.3231639091485
CASE 3 (118).JPG,1,175,2.169276540367482,6.159277021376904,0.06251356098312125,16.28438711231094,2.787915853309075,6.124081152683314,9.990961175931679
CASE 3 (118).JPG,2,323,0.046537770072881846,2.2694865003747773,0.00428925696145166,4.25316614421068,2.4079120833528775,2.2624602263798073,5.078023516882182
CASE 3 (118).JPG,3,77,0.1392293286883347,6.288592082373022,0.004908212165802558,17.212880812969125,2.650751962875371,6.206922055329213,9.847298928328266
CASE 3 (119).JPG,1,44,1.436557724843723,18.695188360787792,0.014593368636648809,54.25664889732428,6.293821932711361,18.270297716224455,10.25635078849995
CASE 3 (119).JPG,2,34,0.014727783237003784,1.3165012107916938,0.004707760212180697,2.8452942960632397,1.8538800321810316,1.277780586944879,2.962806559207428
CASE 3 (119).JPG,3,124,9.698227172985964,7.959776246864831,0.07085707034709543,14.104360649972074,4.173900554464828,7.8955845029384975,11.954960279778808
CASE 3 (12).JPG,1,143,10.295257218316296,14.81800174260541,0.09781036782476976,41.84051552336255,4.956847779422877,14.714379352796973,10.971680617516563
CASE 3 (12).JPG,2,298,0.17309354963848075,2.6381967528940895,0.012458999275354987,5.26173935593914,2.528829131570131,2.6293437436561917,5.617609856469509
CASE 3 (12).JPG,3,55,0.020844320563761128,3.1365594257095477,0.001096543635741931,6.470994226239577,2.7848006586497664,3.079531072514829,4.490592553489799
CASE 3 (120).JPG,1,44,0.24328556786975503,2.8629907070664076,0.014888637417714179,5.7147586103941,2.6222943297594736,2.7979227364512624,4.8362649826781325
CASE 3 (120).JPG,2,34,0.055804440870070526,2.4820564484053285,0.004742355853653839,5.161709198915224,2.407162101700589,2.4090547881581137,4.325602025879552
CASE 3 (120).JPG,3,124,1.8762480910550985,4.376015001947906,0.06088550885080601,9.979107316057846,3.4157287785574124,4.340724558383811,7.006972979558031
CASE 3 (121).JPG,1,77,0.03201011162493299,2.00505827744178,0.00370615545486519,3.6361518525445327,2.1463363663845363,1.979018559552925,4.666973781535767
CASE 3 (121).JPG,2,225,0.5681047537635758,3.3231466965461665,0.026075178270801302,6.683535439964057,2.950969155299852,3.3083771556726305,6.028253696502795
CASE 3 (121).JPG,3,124,0.2244801779201572,6.16321572443542,0.006331780435075892,16.309564423088368,3.6252520374506685,6.113512371819,8.649451935018723
CASE 3 (122).JPG,1,98,0.563383334733301,5.389122823891795,0.020110737828996535,14.170302314879395,2.6655554035479705,5.3341317746684105,8.614058845852371
CASE 3 (122).JPG,2,423,0.89236479679443,3.123780557329376,0.0415887114088056,5.21639545392694,2.835509722217467,3.1163957333167764,6.122255087408874
CASE 3 (122).JPG,3,241,0.29368797484990744,4.128051906228862,0.011432392291881754,9.733467716564212,2.4493794352384515,4.1109230601449225,11.089219435566951
CASE 3 (123).JPG,1,54,1.8471919823332892,16.76826259500992,0.020497174830489854,48.423213256219434,6.437833844683489,16.457739213620854,9.708211260089621
CASE 3 (123).JPG,2,146,0.1473793927845292,2.5656740295607054,0.011675133206442201,5.306497541390353,2.5322249663755465,2.5481009197691926,5.088476234239802
CASE 3 (123).JPG,3,92,0.8507826884444302,2.8371021108797176,0.05386989666208164,5.673976568258839,2.7969490830873824,2.806264044457111,5.080205012143773
CASE 3 (124).JPG,1,20,0.3539134033366669,25.586250672649243,0.015614248451038613,76.44664267812544,7.443804253462527,24.30693813901676,9.466063993638107
CASE 3 (124).JPG,2,5,4.410501571876926e-09,0.36347507130516604,2.2819005257605155e-06,1.088647500219953,0.8996577480418715,0.2907800570441326,0.796770086577553
CASE 3 (124).JPG,3,47,6.64949440601866,5.975527315061206,0.11249458649701984,13.40437242144099,3.3939953512895276,5.848388436017351,12.310933074189805
CASE 3 (125).JPG,1,37,2.0010127843792342,18.674890468365593,0.013434689311359937,53.212183497017605,6.282530856514418,18.17016369895031,10.38034697029296
CASE 3 (125).JPG,2,21,0.24785531704575964,2.9714363196642317,0.018035740585683024,6.906482864165075,2.3400978856913306,2.8299393520611726,5.385198710813062
CASE 3 (125).JPG,3,12,0.15243831400176416,5.856006354906875,0.005278602375699989,15.726435107717299,2.674539794434047,5.368005825331301,6.176037355442261
CASE 3 (126).JPG,1,23,0.1571470584492318,6.194214309049317,0.04949893360885867,18.360229133875897,3.6699866586678196,5.924900643438477,5.356309176155629
CASE 3 (126).JPG,2,16,9.153814098341755,25.051876800010493,0.037018032315259464,71.6682729559652,7.133299907944632,23.486134500009843,10.71905994034399
CASE 3 (126).JPG,3,27,0.14517469872931935,0.8695391849640822,0.10849977667353189,1.7240091140225686,1.4565362822227483,0.8373340299654123,2.6706486547888715
CASE 3 (127).JPG,1,36,0.4150654467133204,7.4150514222978865,0.029465011806907842,21.562388601535567,3.8054046175200003,7.209077771678501,7.127598731123353
CASE 3 (127).JPG,2,70,0.032125211127198745,1.3687973005446563,0.009375325917144508,2.9258999572414095,1.859705509988159,1.3492430533940194,3.3624523642312405
CASE 3 (127).JPG,3,237,3.376961960064549,7.905598873504858,0.029110973169329313,16.770662596879642,4.624920132661993,7.872241916232684,8.091512269043681
CASE 3 (128).JPG,1,86,4.1552356910903425,12.63042085559245,0.053044143890774054,35.640271425754314,4.7528373356410745,12.483555496806494,10.551736644852722
CASE 3 (128).JPG,2,66,0.09088712858129037,5.9379088977290335,0.0023281080004425875,15.251755406031162,2.683223240279134,5.847940581096775,8.049639497849094
CASE 3 (128).JPG,3,252,6.561638361983608,8.321595686953648,0.052496212249320384,17.948226365408264,4.756742065976711,8.288573481846688,8.139108904766863
CASE 3 (129).JPG,1,31,0.1666666884365084,7.716008749682981,0.005411058466108711,21.724830846880845,3.7395181790410628,7.46710524162869,9.846166355502035
CASE 3 (129).JPG,2,42,0.16967776391929396,16.962358233389203,0.0014981673554314474,48.5529287336594,6.133177486425227,16.55849256116566,10.024008509106684
CASE 3 (129).JPG,3,223,13.514152771730732,5.464238043535718,0.24423638522076763,11.214472432324278,3.5293507260229298,5.439734733923452,12.06787821273501
CASE 3 (13).JPG,1,143,0.04668267218885132,4.808782917324417,0.0017426248931966158,12.23511162946666,2.5301331691870645,4.775155064755711,9.844383420534824
CASE 3 (13).JPG,2,298,0.16483039481782277,2.9056416937761935,0.01030847801827979,6.074210259628221,2.7514105106594595,2.8958912182937264,5.9539498833625695
CASE 3 (13).JPG,3,55,0.0058855901560838555,2.7582782017191696,0.00037881496328094464,5.394131859623187,2.686219211300576,2.708127688960639,4.119087582862668
CASE 3 (130).JPG,1,35,0.645011104327032,7.096869067708581,0.01588579755346772,19.155015224421255,3.6831106203719934,6.894101380059759,10.007407420715223
CASE 3 (130).JPG,2,51,0.08198529952419605,16.87474283808372,0.0007290589786432078,48.29502808821821,6.022249676162474,16.543865527533043,9.814672803071865
CASE 3 (130).JPG,3,298,14.383502060381671,11.563377161872063,0.08299125672164728,28.532999138081177,4.698919297753651,11.524573882805383,12.684940187914522
CASE 3 (131).JPG,1,66,0.42431514375314344,15.08687378646493,0.015436146636300095,44.62925716930386,6.239899303565201,14.858284789700305,8.613162222357028
CASE 3 (131).JPG,2,88,0.37151173710079866,4.070181838659566,0.018350182820718,10.20909380516914,2.7123732839727874,4.023929772311161,9.158931097905686
CASE 3 (131).JPG,3,309,3.0086808260516715,8.345413555049886,0.04339611342688477,21.814679515038392,3.663844806937409,8.318405744192118,11.66230466870192
CASE 3 (132).JPG,1,66,0.13860153694358152,15.040790992640211,0.005550323798037781,44.55636870053603,6.2267135767267385,14.812900220024453,8.362639042459886
CASE 3 (132).JPG,2,88,0.0041660141562551165,3.871313734595633,0.0002813033792277715,10.155345796367595,2.579210749006538,3.8273215330661365,8.538964352486696
CASE 3 (132).JPG,3,309,15.708903266305613,11.626747519100926,0.06686412111239964,25.656242112662365,4.821759447538085,11.589120504476009,13.289460655682708
CASE 3 (133).JPG,1,29,0.4936621266090061,6.621192347877763,0.01455792229128211,17.9610315199975,3.766698854363879,6.392875370364738,7.613989918853455
CASE 3 (133).JPG,2,5,0.06818260752577529,2.039195663147332,0.07222662636172376,5.884949591029807,2.105203979159932,1.6313565305178643,2.8046967663824796
CASE 3 (133).JPG,3,7,0.007288975557412084,1.6925590838143656,0.001582695425855572,3.893135837151955,2.0255799293421273,1.450764928983742,2.991334467868564
CASE 3 (134).JPG,1,25,0.36939883528397294,5.702314167217074,0.034145963127023914,16.413698999810148,3.0683313927410114,5.474221600528394,7.161845431217294
CASE 3 (134).JPG,2,4,0.0002129216387476624,0.9834451860331065,0.00013808638258426778,2.271321727251979,1.425348116054471,0.7375838895248302,1.7852171973877695
CASE 3 (134).JPG,3,52,61.0646514144788,18.052048254057926,0.12502629725287015,42.553447795426415,6.178078776361169,17.70489347994142,13.867049073732389
CASE 3 (135).JPG,1,25,0.052379589681906404,5.576343998426527,0.008745605478537137,16.354062598603157,2.9930141089250064,5.353290238489464,6.748022938801363
CASE 3 (135).JPG,2,20,0.23579166962579273,25.78874168589969,0.0032824307316766865,76.42298365301875,7.454237654539533,24.499304601604702,9.64817862655861
CASE 3 (135).JPG,3,106,5.562061496870628,6.991142093323663,0.05559927611125737,13.516770905593933,4.277132618834466,6.925187922631928,8.237550364763722
CASE 3 (136).JPG,1,58,0.13489786278113652,19.83697501274096,0.0017691760053197513,58.19901375941929,6.65483255839713,19.494958202176473,9.906453015271232
CASE 3 (136).JPG,2,60,0.17054013962458361,1.8645525509818555,0.02326037841441364,3.4375363322838863,2.105840144537298,1.8334766751321567,4.478546853237726
CASE 3 (136).JPG,3,113,2.0764088786664394,3.7612491399147694,0.08283240411184548,8.109946037982862,3.0436877530257456,3.727963749296055,6.669886984769984
CASE 3 (137).JPG,1,54,0.5494562577330782,11.38393004458608,0.013303337456619027,32.88243200200468,4.158154145753126,11.1731165252419,9.924350683272177
CASE 3 (137).JPG,2,21,0.6818000612565722,16.899561880065484,0.008825795827250023,49.117069956947084,5.539355879793356,16.0948208381576,8.137225075445372
CASE 3 (137).JPG,3,52,24.406462205448562,11.878948753059982,0.14622234335618337,29.91012759287262,4.9089092543202755,11.650507430885753,12.225041310774444
CASE 3 (138).JPG,1,65,17.119950433004753,32.82884096220052,0.12142702058743016,96.91024841626346,9.430901555678428,32.323781870474356,10.345218150667208
CASE 3 (138).JPG,2,7,0.005406482783552408,0.9662172408951663,0.007104380765994059,2.598706716536826,1.4377509710313663,0.828186206481572,2.1842299752271948
CASE 3 (138).JPG,3,30,2.492996523191626,2.8504155188984206,0.15180369995153953,5.302063643080787,2.6965408857249304,2.755401668268474,5.143276772157902
CASE 3 (139).JPG,1,65,6.257889679541449,7.4323300246849096,0.12730314586744543,19.67066725691729,3.0732702613775618,7.317986485843601,10.398129949680953
CASE 3 (139).JPG,2,7,0.011223300187106228,1.214295820235011,0.006527464367788262,3.077696525767725,1.6805029082817458,1.040824988772866,2.3740637114528136
CASE 3 (139).JPG,3,30,2.7079033769956595,2.9687365887831194,0.1510500397003991,5.48934035152678,2.7193505925522397,2.869778702490347,5.168202211507682
CASE 3 (14).JPG,1,127,0.30261825682986765,10.086161128146047,0.012203899884460969,29.402933408188897,3.621345531144068,10.006742536585849,9.835093206639334
CASE 3 (14).JPG,2,115,0.04552237913909325,2.393088691166573,0.0041404100821287315,4.957216940883914,2.362577554734179,2.372279224286864,5.665691735895948
CASE 3 (14).JPG,3,217,0.40315312534242453,2.203611073586896,0.040033887538424295,4.1360196022829205,2.244447627114941,2.193456183846866,6.350708470816862
CASE 3 (140).JPG,1,44,5.478103529890434,22.368049069573328,0.10099093352950492,66.18356430151799,7.1391433044783446,21.859684317992134,8.546198302512268
CASE 3 (140).JPG,2,10,0.004377571680823785,1.0003140974694693,0.002080867020861674,1.8796511787422705,1.4148892484236524,0.9002826877225222,2.36475889043267
CASE 3 (140).JPG,3,39,3.6621283783498746,3.9181380750349852,0.18255962887049218,9.448856737017607,3.045833260084855,3.8176729961879374,7.061645470982597
CASE 3 (141).JPG,1,70,0.04274214666870747,22.033483676197992,0.001118651206264845,65.51613797603844,7.39072991125412,21.7187196236809,9.691397530296703
CASE 3 (141).JPG,2,69,0.4880299411168306,1.7986357471770436,0.0706557344183465,3.089736141330157,2.002822610960713,1.772568562435347,5.406461255490374
CASE 3 (141).JPG,3,184,1.4648214387104996,4.767750936273281,0.03228763701388715,9.490740112237594,3.572146148903757,4.7418392464022325,8.019807891126105
CASE 3 (142).JPG,1,70,0.028223158523801927,9.462311127247734,0.0013166964220098078,27.60925283387251,3.354176936420626,9.327135254001336,9.922487829648768
CASE 3 (142).JPG,2,69,0.26671170530738936,1.3587961392725194,0.07066336689981867,2.4897504038627107,1.912824681176898,1.3391034416019025,3.51021456893765
CASE 3 (142).JPG,3,184,0.5993048012925478,3.799153672654778,0.03214757415387057,9.377285924081018,3.1314205212086152,3.778506098346872,6.287943554074921
CASE 3 (143).JPG,1,17,16.904666203030143,35.12842411729657,0.09572660116523776,103.58472691533679,9.16665496059395,33.06204622804385,10.411853989960845
CASE 3 (143).JPG,2,10,0.16047886950938942,1.9786083934422063,0.08260167243616258,5.4999854614649974,2.130782511217301,1.780747554097986,3.905630099442624
CASE 3 (143).JPG,3,2,0.0,1.4191597652225134,9.500065275548369e-20,4.25747929566754,1.4590200985023372,0.7095798826112564,1.4108321374808905
CASE 3 (144).JPG,1,2,0.0,0.371193482384339,0.0,1.113580447153017,0.7461837733269925,0.1855967411921695,0.49745584888466166
CASE 3 (144).JPG,2,11,4.128234515795832,10.250671598030936,0.06943926371932437,28.604171994348,4.287432420341427,9.318792361846302,6.943987507056654
CASE 3 (144).JPG,3,3,-6.772890448394304e-19,0.5351511466315438,-3.434335343923024e-16,1.5918291932524848,0.9773954352701374,0.3567674310876961,1.1606117820996726
CASE 3 (15).JPG,1,33,12.235497379432156,28.452854066909524,0.09603816930312342,83.74113988183187,8.114936240341022,27.59064636791227,10.682370509788294
CASE 3 (15).JPG,2,19,0.0014786101859863155,0.8216969163147253,0.01692164084933405,2.411941094383635,1.260006275018717,0.7784497101928979,2.2812125392286386
CASE 3 (15).JPG,3,22,4.891719799818188,4.93594840191227,0.1247491818045642,11.173765029053122,3.585072868186577,4.711587110916258,5.39888633646363
CASE 3 (16).JPG,1,36,2.5078043795616347,16.459221103014542,0.0210846286817705,46.815995388069815,6.47156312419441,16.00202051681972,10.795448145146276
CASE 3 (16).JPG,2,31,0.12695283857495043,3.0500649391534833,0.009229623396580955,7.241508535344588,2.6107904060538565,2.951675747567888,5.294027342856654
CASE 3 (16).JPG,3,45,1.0318692529183007,4.945962135408023,0.034308178742625074,12.37270472873303,3.417642464965097,4.836051865732288,6.995576840771835
CASE 3 (17).JPG,1,87,0.327182515936648,4.805655678132421,0.016922679914258432,12.901456512571912,2.4897837158718406,4.750418256544692,8.780560703488478
CASE 3 (17).JPG,2,40,0.21997793838027843,2.1419404871643626,0.02163634083310706,3.4959266586479867,2.2490736511050415,2.0883919749852526,4.318027326595253
CASE 3 (17).JPG,3,73,17.040913048799396,12.16593443785919,0.08018551023504727,29.119451101836965,5.440351467191865,11.999277801724133,12.00170895860578
CASE 3 (18).JPG,1,41,24.72854524986117,15.667237677207877,0.1306926834668521,42.40948550513712,5.498513257487671,15.285109928983315,12.256829343382933
CASE 3 (18).JPG,2,25,0.007173209611869863,1.4736570301062313,0.001602491292960959,2.8471939337426306,1.798038427094533,1.4147107489019823,3.7038826908347002
CASE 3 (18).JPG,3,32,5.436419851003508,16.46882673516915,0.039730197565302286,46.41895770580502,5.775281681726587,15.954175899695104,10.530577050414708
CASE 3 (19).JPG,1,25,2.013600284973479,9.087668342063788,0.028834993984221513,24.368511816955667,4.619523281425405,8.724161608381236,7.775147469229988
CASE 3 (19).JPG,2,61,0.7160655695847411,3.379767942468245,0.02863225385249457,5.7951779162004,2.8247046378708816,3.324361910624505,6.695392533826461
CASE 3 (19).JPG,3,7,0.0014231502602494997,22.485164119445496,0.00031023085693336486,67.38710692331313,6.393589883292736,19.272997816667562,7.4622788164229545
CASE 3 (2).JPG,1,26,4.877513296382088,27.666429132247217,0.0819779945679312,82.19343361763855,7.569409229000543,26.602335704083856,10.081321386813428
CASE 3 (2).JPG,2,16,0.02933669501111794,0.9238869372938646,0.039000546700530075,2.422097922735208,1.4474309986283795,0.8661440037129985,2.3602915990829394
CASE 3 (2).JPG,3,62,0.27229428516466214,2.1967961296903225,0.08903825338300736,5.9908787992247925,2.2264082001316545,2.1613639340501565,5.426915529583916
CASE 3 (20).JPG,1,14,0.2764290430850739,6.8858160680807226,0.021128860158913607,19.981565447382625,3.4911018420468136,6.39397206321781,7.365580993786982
CASE 3 (20).JPG,2,12,0.1731305422336043,3.017545371947119,0.014187133915744584,7.38628593070954,2.64997689932594,2.7660832576181917,3.857167089123863
CASE 3 (20).JPG,3,36,22.591747511278353,14.772410317741368,0.09093577525605845,37.62298306950224,5.777429134263334,14.362065586692994,12.208655812312836
CASE 3 (21).JPG,1,0,0.0,0.0,0.0,0.0,0.0,0.0,0.0
CASE 3 (21).JPG,2,4,0.007709021449895294,4.464877177519042,0.001104561692074416,12.85041141133528,2.6512092435818215,3.348657883139278,3.519893387690138
CASE 3 (21).JPG,3,8,1.530732112312889,15.07366500187242,0.017693914110114704,43.2007481307923,4.4545276159135945,13.189456876638351,8.615231959133407
CASE 3 (22).JPG,1,0,0.0,0.0,0.0,0.0,0.0,0.0,0.0
CASE 3 (22).JPG,2,4,0.7381973387933797,4.587748145262095,0.07948321310144175,12.967553478872574,2.7526515921103147,3.440811108946574,3.746196780031705
CASE 3 (22).JPG,3,8,7.7245128267364604,16.261926061438164,0.03947983198066703,44.33293912554499,4.848219927258413,14.229185303758392,9.6827050089053
CASE 3 (23).JPG,1,23,3.6077080471330127,16.1177772196346,0.048401123717467395,46.70914690752081,5.406065675591687,15.417004297041805,10.012801113325779
CASE 3 (23).JPG,2,45,2.0959561792822927,3.7399117478666604,0.11268535172821803,9.05231940644092,3.128303119897895,3.656802597914068,5.541464619404816
CASE 3 (23).JPG,3,107,2.818332503767344,8.052754734949412,0.04250536095605346,20.95097303151228,3.940057895788608,7.977495344903159,11.22724628279945
CASE 3 (24).JPG,1,21,1.7707583751143665,9.714888300770776,0.06932966592455697,28.168611991718837,3.8131440041679614,9.252274572162639,8.761039986536142
CASE 3 (24).JPG,2,43,0.6694378504383754,7.247947243909947,0.02196001161394831,20.21378176905678,3.8422983526838874,7.079390331260878,8.24725309868717
CASE 3 (24).JPG,3,83,5.929071981559064,6.889229675684203,0.061472381668841614,13.418080640644714,3.6491247536430897,6.806226908507284,12.381191825313953
CASE 3 (25).JPG,1,0,0.0,0.0,0.0,0.0,0.0,0.0,0.0
CASE 3 (25).JPG,2,2,0.0,20.701785347725604,0.0,62.10535604317681,5.572492980846939,10.350892673862802,4.4531497209237685
CASE 3 (25).JPG,3,14,117.95101470133933,9.873977044591404,0.7981094932875209,22.152399327441692,3.945943354567516,9.168692969977734,10.125279168936675
CASE 3 (26).JPG,1,9,0.7487609206651958,22.453822909255795,0.04079960429700104,67.04694806876795,6.513641247068501,19.958953697116247,8.358130869239009
CASE 3 (26).JPG,2,25,1.0167613612829236,7.362397215112696,0.04182809668151223,20.881252572159386,3.8088036662092697,7.067901326508189,8.092388618985467
CASE 3 (26).JPG,3,32,16.725173445217514,8.613203654801719,0.18479001395305023,21.431675891099346,3.874360600770454,8.344041040589177,9.678692209812587
CASE 3 (27).JPG,1,15,1.3860373130886843,14.074260593671744,0.01159550826745542,39.15867601134331,4.875903586415747,13.135976554093624,9.097358070236687
CASE 3 (27).JPG,2,68,0.3915853215777148,2.611059765852643,0.030801158671789786,5.48420684537705,1.9214562550459542,2.5726618281195166,8.769695616043213
CASE 3 (27).JPG,3,216,10.873173682433235,5.5975963222732625,0.1806084623697819,11.270566911898678,3.572772222866943,5.571681524484962,11.611251702010131
CASE 3 (28).JPG,1,13,0.5700901041265627,15.968530350918257,0.005559327295550699,45.65385564562197,5.224372162951922,14.74018186238609,9.015212406597632
CASE 3 (28).JPG,2,72,2.388860559040987,5.005027762264465,0.055916140878957576,11.115786308253593,2.7687235262944188,4.935513487788571,9.526896554420818
CASE 3 (28).JPG,3,93,17.246067996242118,7.50342811802101,0.16352786598058078,15.575856818845875,3.927017337652231,7.422746095246592,12.188172163282019
CASE 3 (29).JPG,1,18,0.024766594912914504,10.997686312009298,0.001474593849072219,32.47439107040523,3.931688154080229,10.386703739119882,8.38221224328052
CASE 3 (29).JPG,2,42,0.6421716184716034,6.861282776205219,0.014134695330890845,18.053124759271835,3.836500658129517,6.697918900581288,8.17678533455908
CASE 3 (29).JPG,3,93,19.47005777380158,7.5774618728590655,0.17978267405929582,15.618792947452068,3.972009113299386,7.495983788204664,12.179998279580916
CASE 3 (3).JPG,1,49,0.06801124880480247,7.419318559237014,0.0012763038687282253,19.52788029760897,3.8018313398620256,7.267903894762791,7.594901199556194
CASE 3 (3).JPG,2,111,2.2996983091453354,8.028029563506523,0.028261810958762013,19.98400997575808,4.434453579574053,7.955704972844305,8.09465735285294
CASE 3 (3).JPG,3,21,1.8546430628293313,5.5188196613317375,0.05936711510370209,14.314703506853965,3.4340039889751663,5.256018725077848,6.284065320288825
CASE 3 (30).JPG,1,18,1.3747027016036455,13.46264416309185,0.026055684666959036,39.009376770874574,4.409311507931964,12.714719487364524,9.889495839703793
CASE 3 (30).JPG,2,35,0.9543261229240191,2.4271389749989916,0.0794615323237089,4.5793063506547265,2.502501419996853,2.3577921471418772,4.818305644897494
CASE 3 (30).JPG,3,66,0.787180993945169,3.1148164191701007,0.048008083384747775,6.930568473976349,2.609986411121241,3.067622231000856,6.770544719535303
CASE 3 (31).JPG,1,6,1.7847061308887942,32.00911037573851,0.005077724522078407,92.21056952295065,7.899346868359818,26.67425864644876,9.776885283619324
CASE 3 (31).JPG,2,42,0.7784276837527987,3.3022466839595204,0.04167215601757067,7.30952525993035,2.801354101825749,3.2236217629128645,6.171151845869495
CASE 3 (31).JPG,3,52,0.22713072513650975,2.8942977475470943,0.018591687832351572,6.891592411825009,2.5041731545544668,2.8386381754788808,6.164113810911371
CASE 3 (32).JPG,1,32,2.8294633907851097,6.528015220395782,0.06891840859595062,17.116557097981907,3.823455456147278,6.324014744758415,8.0978890269679
CASE 3 (32).JPG,2,122,2.3710215222333852,14.518323941963077,0.01951368818371072,40.53814391068726,4.968186699562946,14.399321286701081,11.103717346653903
CASE 3 (32).JPG,3,50,1.4701890492403753,12.52001811796608,0.01939557813140942,35.39937167538682,5.012486716461195,12.269617755606745,9.927239104757577
CASE 3 (33).JPG,1,32,0.15775889508642357,6.560355567291997,0.0036349938279792056,17.146265705204527,3.8342630137389593,6.355344455814131,8.120570751539823
CASE 3 (33).JPG,2,122,12.315973098279978,14.935437746736062,0.07436756315594899,40.65879290323019,5.162687415138155,14.813016125861182,11.30844152243102
CASE 3 (33).JPG,3,50,0.3757026689531273,12.469790208980276,0.005196466849106521,35.35947054052073,4.993047017725034,12.22039440480067,9.79928113261974
CASE 3 (34).JPG,1,27,0.4001032984401341,9.668519495563718,0.013111357011642882,27.89863814946797,4.874567889368557,9.31042618091322,7.142706646891842
CASE 3 (34).JPG,2,30,10.42363475624653,9.98409301375128,0.1703381427668979,27.56169345060425,4.228802109024168,9.651289913292905,9.216623334378275
CASE 3 (34).JPG,3,33,2.677480773312607,12.587907109981366,0.03440143481937186,35.539338290081496,3.6160191010793197,12.20645537937587,10.79767060594097
CASE 3 (35).JPG,1,27,0.1789884431706414,12.004621373648392,0.0057035389562866854,35.114454629161,5.087003128442573,11.560005767216966,6.978986434326305
CASE 3 (35).JPG,2,30,18.760248629943288,13.317828623741725,0.16420041163859245,36.67393556527808,5.231755259972067,12.873901002950335,8.948553872352752
CASE 3 (35).JPG,3,33,0.4052165144554134,2.4499684762412794,0.03647515174741178,5.160769761516803,2.4204253464716263,2.3757270072642704,5.537059843637176
CASE 3 (36).JPG,1,26,0.153314195688104,7.887987820686079,0.010805258494805096,23.03724914905465,4.122399785173419,7.584603673736609,8.13235450749813
CASE 3 (36).JPG,2,13,0.8298183489865781,12.347028856026787,0.017658837543547072,35.707407382962955,5.680278179453196,11.397257405563181,5.972927883978218
CASE 3 (36).JPG,3,21,17.629560353445118,8.00320156170281,0.12508556306422314,13.237464049675554,4.12766198514483,7.622096725431245,9.117289103242324
CASE 3 (37).JPG,1,9,0.41133967346697314,10.759966158511148,0.004962033944386963,29.461149712187574,4.481395420411586,9.564414363121019,7.16945842193005
CASE 3 (37).JPG,2,21,1.0790407152542465,13.68532116364649,0.023025700211951584,39.85717845714647,5.094201106706707,13.033639203472838,7.649416231828141
CASE 3 (37).JPG,3,31,70.97851446581411,10.694112620775437,0.2807410481936472,15.99991338960453,5.115321922962947,10.349141245911715,11.007668636376872
CASE 3 (38).JPG,1,28,0.0028876690892113734,0.5536238600670763,0.007816044267379717,1.3866117943579417,1.068575037259759,0.533851579350395,2.6461982914400166
CASE 3 (38).JPG,2,11,0.002307138990334765,0.8419519622084394,0.002332692618357717,2.038290341208442,1.3039515278938365,0.7654108747349442,2.3800215947194996
CASE 3 (38).JPG,3,24,4.207102237719839,6.264188430460023,0.06644849993611665,14.29794793055482,3.9223082995700835,6.003180579190853,7.691038784611879
CASE 3 (39).JPG,1,38,0.006352118493630253,0.37763317185052747,0.027327933371400832,0.8232143970984777,0.9372311875512992,0.36769545680182936,2.4467597831829035
CASE 3 (39).JPG,2,24,1.545493836999587,5.449526710306848,0.061457259106131076,14.559957226728471,3.8365482437456433,5.222463097377397,6.019039693381533
CASE 3 (39).JPG,3,37,3.31048981871217,4.709826638931805,0.07368375446402098,9.140478789173411,3.405359750807465,4.582534027068784,6.620763664497754
CASE 3 (4).JPG,1,42,0.1714284694893976,22.97422251842997,0.002413222528060161,67.87364548667964,7.338571573899303,22.427217220372103,9.588920973466703
CASE 3 (4).JPG,2,134,0.10789538116570778,1.9425381255789673,0.01479119885464755,3.980032561613286,2.234489820787159,1.9280415724030047,4.322376535182127
CASE 3 (4).JPG,3,233,0.38634564718609454,3.4705460742516796,0.014480346835928692,5.785548123469858,3.0608094236240766,3.4556510267227,5.936754538091094
CASE 3 (40).JPG,1,38,0.6530512136954731,17.26765956644528,0.031079736880486212,51.36280680009649,5.962744464979013,16.81324747259146,9.429498010868201
CASE 3 (40).JPG,2,24,0.9835480963941864,3.1098551146564444,0.06316653775642256,7.061330920855946,2.793420095118511,2.9802778182124263,4.795591168603193
CASE 3 (40).JPG,3,37,2.203195670296551,3.738146876337256,0.07139175169826384,5.997244130990313,3.121012289653452,3.637115879679493,6.271701002944616
CASE 3 (41).JPG,1,40,0.06891248676244799,16.65875087092924,0.0024867697727039145,49.41294832040745,5.805385262415348,16.242282099156014,9.454952923175927
CASE 3 (41).JPG,2,36,3.65058069645474,5.42111461994494,0.09900693771619862,13.415973712017879,3.264384517617829,5.2705281027242465,8.967197123059186
CASE 3 (41).JPG,3,44,1.8521985036479691,5.537057245510535,0.027123786667639038,8.978166269301298,3.8243181777473207,5.411215035385292,7.000561275789123
CASE 3 (42).JPG,1,0,0.0,0.0,0.0,0.0,0.0,0.0,0.0
CASE 3 (42).JPG,2,9,44.23374775519302,14.139127641929646,0.4406946542587828,39.43116954733658,5.126187391185899,12.568113459493011,9.960795954269395
CASE 3 (42).JPG,3,16,26.861427913576566,18.362825578323463,0.14344786242394925,51.29442374768415,5.918078467794453,17.215148979678244,9.686460307592482
CASE 3 (43).JPG,1,0,0.0,0.0,0.0,0.0,0.0,0.0,0.0
CASE 3 (43).JPG,2,2,0.0,0.14627315041620412,0.0,0.4388194512486123,0.46841191874706406,0.07313657520810206,0.4402339909001463
CASE 3 (43).JPG,3,6,1.3006083424454626,8.436171823910383,0.043351703377016215,24.015938360670027,3.511197229625548,7.030143186591986,6.6826729971631
CASE 3 (44).JPG,1,0,0.0,0.0,0.0,0.0,0.0,0.0,0.0
CASE 3 (44).JPG,2,2,0.0,20.08380920842878,0.0,60.25142762528633,5.488689626189767,10.04190460421439,3.856130016982331
CASE 3 (44).JPG,3,6,2.445353563187961,2.4562475199565608,0.2065092933127306,4.572591985735405,2.374681020776149,2.046872933297134,3.7194055061341653
CASE 3 (45).JPG,1,55,0.06945193557609802,18.666628109483643,0.0009993714165102124,54.729073222930936,6.176710389118773,18.327234871129402,9.466978666765954
CASE 3 (45).JPG,2,41,0.31783288894792605,2.0496990751739776,0.035027772635166876,3.57830402526894,2.265694191172467,1.99970641480388,4.792934835009505
CASE 3 (45).JPG,3,63,0.6481178086877066,4.403905061145024,0.019266847928512108,9.738063934210464,3.3342905369542395,4.334001806206213,6.8031608371649
CASE 3 (46).JPG,1,70,0.1790894961148017,21.28809871602464,0.002747916796668832,62.82416357392197,7.117019823224498,20.983983020081432,9.361324077381402
CASE 3 (46).JPG,2,84,2.251819044078339,6.199844655231992,0.03421616237898917,13.794442992176771,3.761092237031486,6.126036980764945,9.652721393462523
CASE 3 (46).JPG,3,83,1.5712962295847996,3.2061821284177285,0.07215589284321355,5.776681132471034,2.8837107397623623,3.1675534280753452,6.134374547814578
CASE 3 (47).JPG,1,54,0.30000546073143697,17.738322466412694,0.0048645268599590424,52.024663704495815,5.922805813286011,17.40983501333099,9.377925310465749
CASE 3 (47).JPG,2,80,1.9901429006925526,6.174456849790825,0.03185669524776724,14.042869601279627,3.76413693581999,6.097276139168439,9.675969628867724
CASE 3 (47).JPG,3,65,0.10076298360349294,2.828185256600953,0.006803639593825572,6.015927380511796,2.661396401852601,2.7846747141917074,5.678704188765214
CASE 3 (48).JPG,1,27,0.03393386863454582,7.919727405662255,0.0012578455781637693,22.562218836369727,3.3071626128136438,7.626404168415508,9.195771383023937
CASE 3 (48).JPG,2,34,0.0031647343263464097,1.1031830510887777,0.0018403989216380263,2.661645431676103,1.656912586473031,1.070736490762637,2.9388378492933764
CASE 3 (48).JPG,3,16,1.9338201621466582,4.177833928181324,0.054356096732461445,8.071345858137732,3.2853263254410177,3.916719307669991,5.660780039485279
CASE 3 (49).JPG,1,5,0.00028087468835472686,11.666445618993626,0.00014472503197145332,34.94365280048041,5.179652856550151,9.3331564951949,3.925560487052627
CASE 3 (49).JPG,2,14,2.4330713381441864,19.574658592848582,0.023776632410662885,56.90183246998378,6.9029208305144545,18.1764686933594,7.93010853556882
CASE 3 (49).JPG,3,22,154.17846953378296,20.756298370200952,0.3110565988147055,52.520343013420685,7.181866474210648,19.812830262464555,11.162640112898112
CASE 3 (5).JPG,1,73,0.16346170115129788,20.900592906310244,0.002156669029245682,61.4665348720133,6.960631485087937,20.614283414442994,9.875486650761742
CASE 3 (5).JPG,2,141,1.117652421135609,2.1062389019801504,0.12335272114640583,3.8291267163947325,2.318851309112072,2.0913010374271006,5.178243717701948
CASE 3 (5).JPG,3,225,0.3650555305846465,3.384929207037293,0.014450844605590873,5.737045835521627,3.0121382418453893,3.3698850772282367,5.903567513355429
CASE 3 (50).JPG,1,6,0.0064713111879575935,9.806884713866015,0.0002835805802511173,28.623112460362563,4.739193963626366,8.172403928221676,4.400640224672298
CASE 3 (50).JPG,2,6,0.05935486683614423,4.985652510967873,0.001927137762526035,12.488876301104995,3.019128456985601,4.154710425806562,4.48847897079855
CASE 3 (50).JPG,3,26,166.8663157758893,24.514993722951854,0.3623391536220059,66.22912727638473,7.693933687641751,23.572109348992146,12.424033429944807
CASE 3 (51).JPG,1,141,0.3034384662661118,21.199612732181613,0.0038267669090326388,62.32270318174502,7.2396178874793735,21.04926086883279,10.516699998253635
CASE 3 (51).JPG,2,226,0.6676711727125763,4.046642790212457,0.026010272347729423,9.376180977827895,3.2604521603676653,4.028737291140719,6.859636350468958
CASE 3 (51).JPG,3,181,2.0340760753757676,7.354900053913294,0.052176839289246865,20.070119787352056,4.1563917609010845,7.3142652469856015,10.73497923264137
CASE 3 (52).JPG,1,16,0.16260686569403554,15.69660861492126,0.002304640522607973,45.53813219333679,6.167409813372323,14.715570576488696,7.9147199192618665
CASE 3 (52).JPG,2,17,49.72880014092681,19.939450496507344,0.19027906950408405,54.864586914971376,6.596022757559941,18.766541643771625,10.612273402046148
CASE 3 (52).JPG,3,13,160.961316183831,15.91158181183758,0.7479296194520141,41.84364061415946,6.323577322388881,14.687613980157765,8.59775256071393
CASE 3 (53).JPG,1,21,0.13345172865153807,11.866011288450574,0.004355267830996351,34.71091738121245,5.057672224913345,11.300963131857692,7.961714117762182
CASE 3 (53).JPG,2,12,85.05270980879227,22.033652769391182,0.3969807624328492,62.262942865639495,7.04510483132605,20.197515038608582,10.349940346214145
CASE 3 (53).JPG,3,23,152.09117439758887,20.400314495211195,0.5247343190900853,55.448987412357845,7.4331382921365865,19.513344299767226,9.797397429441629
CASE 3 (54).JPG,1,20,0.008093984871411506,5.128051336336426,0.0008556843686072829,14.741641304437232,2.931413698533734,4.871648769519602,6.604251050815424
CASE 3 (54).JPG,2,17,0.0034311534879441306,4.337051867763145,0.0001584145438640516,11.051065460951385,2.5243652524805613,4.08193116965943,6.208507643886301
CASE 3 (54).JPG,3,56,23.99850398300386,10.366511048864732,0.12355447052910074,22.243994945294183,4.944697829692124,10.181394780135005,11.449664402132205
CASE 3 (55).JPG,1,38,21.188081710687513,23.613646641039736,0.13622771440430478,68.43187825514806,7.589752939081987,22.992234887328163,10.47936283348478
CASE 3 (55).JPG,2,12,0.019564362130579643,1.2980955446184397,0.05475601697936802,3.74410029931505,1.7757607602114407,1.1899209159002366,2.4789905486171993
CASE 3 (55).JPG,3,9,4.021227349322891,2.897907642357348,0.22637642848089623,4.634341252870397,2.670609429004367,2.5759179043176417,4.452690242698243
CASE 3 (56).JPG,1,0,0.0,0.0,0.0,0.0,0.0,0.0,0.0
CASE 3 (56).JPG,2,3,2.6651142316377258e-15,22.267145125160393,4.494118323127494e-15,66.47473457816187,6.137497021573366,14.84476341677358,6.5135213229466205
CASE 3 (56).JPG,3,3,-3.114494953027062e-14,25.897309289013204,-7.458989074180314e-16,71.77028827271299,6.888697793231434,17.26487285934214,7.8483372446496675
CASE 3 (57).JPG,1,33,3.916319402332787,21.489428343526466,0.07633827972415243,63.585120092278395,6.499060279237066,20.83823354523777,10.110323457449107
CASE 3 (57).JPG,2,23,1.2650547456976506,3.3495049587536463,0.06705859125466995,7.44886780048838,2.710686497376143,3.2038743083730523,5.5205870532670245
CASE 3 (57).JPG,3,5,0.06799630142816267,0.9209866314145728,0.04016234391964785,1.7618615606462167,1.3566037056270688,0.7367893051316584,2.197089189143293
CASE 3 (58).JPG,1,6,0.014374254390222442,15.018615666794098,0.00040140233261997673,44.24610677859126,5.105013358422032,12.515513055661742,6.700190130141794
CASE 3 (58).JPG,2,8,15.230672307777866,26.7484262097508,0.10268068505544077,78.24692667436557,7.323481972286011,23.404872933531962,8.779669308994817
CASE 3 (58).JPG,3,6,0.29751757172492943,7.301693895318151,0.03819677510630228,21.504681183888465,3.684916905393139,6.084744912765122,5.232190499843578
CASE 3 (59).JPG,1,125,0.07507513148825198,5.498767309580463,0.002800606862847341,14.665641492551424,3.1994120311517715,5.454777171103814,9.829632878219469
CASE 3 (59).JPG,2,117,0.23928611589612167,6.291650938425247,0.006341460144981492,16.59478920508996,4.148345103291737,6.237876144079734,6.390582912617549
CASE 3 (59).JPG,3,152,1.6975598647122825,4.2090505133555665,0.04388131767818848,7.240012482136437,3.309249672439008,4.181359391557176,6.709984029295495
CASE 3 (6).JPG,1,85,0.2578617351784203,10.377873558124424,0.004796847602235515,29.293738875212856,3.583902110162789,10.255780928028841,9.920564267617332
CASE 3 (6).JPG,2,236,0.9574807057592528,2.5144636066926727,0.0689350495768819,4.0151952694927076,2.5174062024068626,2.5038090998846516,5.696857531468168
CASE 3 (6).JPG,3,196,0.568605191611747,2.4273800342041154,0.04580811285867803,4.441794191338999,2.4357466843774147,2.414995442192869,5.651203767327215
CASE 3 (60).JPG,1,105,0.642142137152799,20.597058754852927,0.004531018828746419,59.40079577723753,7.000380888162632,20.400896290520986,9.763873279451003
CASE 3 (60).JPG,2,148,0.84509329641196,3.594696398029477,0.038806261299880074,8.034977947449454,2.9579845332014054,3.5704079088536016,5.884329651557015
CASE 3 (60).JPG,3,135,0.9748359544242106,5.666209998325729,0.01685561348495046,12.267216981736766,3.881171959880811,5.624238072412205,6.870857321570962
CASE 3 (61).JPG,1,73,2.345576855588634,20.491484288000574,0.035085782405493156,60.33127461761789,6.862463813656533,20.21077902378138,10.140823139717327
CASE 3 (61).JPG,2,50,0.01355470826386913,2.38040013992775,0.0012971844048041226,5.084951381706471,1.8356904293270688,2.332792137129195,5.830348170536889
CASE 3 (61).JPG,3,91,5.784803264737336,4.174293851265168,0.1602241026989626,7.631974724539272,3.213766326135348,4.1284224902622535,6.556964384167241
CASE 3 (62).JPG,1,36,1.1747362187847714,7.435279152917673,0.040248788626001175,20.866870473978913,3.0656592275865986,7.228743620892183,8.690060545897987
CASE 3 (62).JPG,2,58,0.07637172055569418,5.414233955827032,0.002389434062946505,13.948935996947759,3.6130441152672734,5.32088509451967,5.65393768553169
CASE 3 (62).JPG,3,81,11.234364890585075,10.884925263479898,0.07075485294832165,26.619202073776883,4.997212039827146,10.750543470103606,12.61569404616595
CASE 3 (63).JPG,1,48,0.4621383496579032,15.496327936906974,0.0053854538611856385,44.557729793535074,5.556937590994981,15.173487771554756,9.858233095150565
CASE 3 (63).JPG,2,97,0.002160099252867156,2.4778227740974246,0.0002197498839856551,5.712491941332033,2.4975873195784093,2.452278209416008,4.4116158507030905
CASE 3 (63).JPG,3,190,11.8018981745543,7.8969958755981695,0.08989989958959121,14.624481255399052,4.499225570810705,7.855432739410816,9.286512646023317
CASE 3 (64).JPG,1,33,91.64518116090345,25.626214212829094,0.14764551097256096,67.5408401832627,6.840782090011754,24.849662266985785,12.323465264525872
CASE 3 (64).JPG,2,17,0.10046217720903786,1.6710817302248537,0.018146426032687887,3.335139130883528,1.8685168569868522,1.5727828049175103,3.485256417698913
CASE 3 (64).JPG,3,23,3.095365870816079,15.238783688833216,0.023808918317056393,42.643832267509744,6.072541414833039,14.576227876275253,8.79919376348215
CASE 3 (65).JPG,1,53,12.442566330391301,15.643793732195546,0.12364884911512863,44.54890601119184,4.291721645690495,15.348627812720158,10.669056080526241
CASE 3 (65).JPG,2,10,1.2256326645530102,7.217696588737492,0.018970032228852216,18.05583720730308,4.079768356276221,6.495926929863739,5.910625670698008
CASE 3 (65).JPG,3,20,8.520691202829862,16.143728495136024,0.08182309949104116,46.089965550397864,6.127573337719748,15.336542070379226,8.816601301428122
CASE 3 (66).JPG,1,72,0.04160440971759015,14.462927343189286,0.0008412056783889215,42.21640403393539,4.2453426182924625,14.262053352311655,9.842224268056759
CASE 3 (66).JPG,2,111,0.40286846289913125,2.701268284493665,0.034185046675898466,6.1548944756929105,2.4076783318804162,2.6769325341829124,5.314562012732849
CASE 3 (66).JPG,3,179,50.76601468039653,15.467989804302732,0.23943918863730262,40.99233128407546,6.428162403970474,15.381576453440715,9.4896277235475
CASE 3 (67).JPG,1,40,0.02902031125688472,25.73992972010271,0.00020614705700415476,75.35133744010928,7.554325608415792,25.096431477100168,9.41912216971584
CASE 3 (67).JPG,2,64,0.4983395229804496,3.8948875426458263,0.023930331895612292,9.459218887332256,3.060042132572576,3.834029924791986,6.106432540775543
CASE 3 (67).JPG,3,143,28.982110824950666,16.831331169370348,0.08452844782704005,42.30474457906912,6.1907320287716185,16.713629552801333,12.675930845149487
CASE 3 (68).JPG,1,36,0.1820687196381042,29.417546206539352,0.0015748050447307097,86.92096470402987,8.073017180590117,28.600392145246605,9.90309563930503
CASE 3 (68).JPG,2,50,0.11453177988204052,2.5894191990289896,0.010128292479898118,5.812724149978322,2.335620629549449,2.537630815048411,5.191752244782241
CASE 3 (68).JPG,3,96,24.239878538126646,9.794580835085618,0.12718533735606385,19.465579697571787,5.006893459459779,9.692553951386815,8.833838281672818
CASE 3 (69).JPG,1,11,0.051575098796271174,15.17039953786552,0.00566443038763801,45.30455923980537,5.563441037060995,13.79127230715048,6.834206761110039
CASE 3 (69).JPG,2,47,4.9256964758716135,22.54221634404676,0.09417592877151064,66.7488925115941,7.200321758037892,22.06259471970535,10.57114599860023
CASE 3 (69).JPG,3,111,9.774131753662067,11.076699749433251,0.06094693455931566,27.293310315072755,5.406665153189818,10.976909661600516,8.48149914536946
CASE 3 (7).JPG,1,61,0.19066817966184604,17.530733515133896,0.002350456368467535,50.99924533222085,6.2650489762125625,17.24334444111531,9.791889587215465
CASE 3 (7).JPG,2,252,0.22375014124612846,3.7165657500212146,0.010655403485543724,8.73508793513025,2.991983538022281,3.7018174732354177,6.8093070516948915
CASE 3 (7).JPG,3,267,0.4832329044307601,4.139983711905484,0.014189908521736072,8.305507570467563,3.2730483306898286,4.1244781549320555,6.508197914664808
CASE 3 (70).JPG,1,22,0.39250385317548087,29.246337158605346,0.004934718929763829,86.81791501629145,8.083317229821452,27.916958196850562,9.724870997539236
CASE 3 (70).JPG,2,68,7.092465551626802,8.194236920101291,0.11568294423508896,21.63294711117004,4.07851671495787,8.07373343598215,9.221601159627019
CASE 3 (70).JPG,3,95,8.192152139819509,13.072399618739318,0.04737389522861157,34.09846983551553,5.50598183100128,12.934795412226274,11.595643295748353
CASE 3 (71).JPG,1,20,0.013514281551633797,9.050378829829745,0.00034480416163219194,25.62102962764334,2.5581603007099245,8.597859888338254,9.64157094547391
CASE 3 (71).JPG,2,60,0.0037200854343117052,0.6339928499230675,0.025885577345427388,1.7960782690226664,1.1711418828014744,0.6234263024243495,2.4107136376288985
CASE 3 (71).JPG,3,90,22.872762197071772,16.067282270910077,0.08623676712226924,41.76503076821337,6.235100137283349,15.88875691234441,10.860307012903682
CASE 3 (72).JPG,1,20,0.013514281551633797,9.050378829829745,0.00034480416163219194,25.62102962764334,2.5581603007099245,8.597859888338254,9.64157094547391
CASE 3 (72).JPG,2,60,0.0037200854343117052,0.6339928499230675,0.025885577345427388,1.7960782690226664,1.1711418828014744,0.6234263024243495,2.4107136376288985
CASE 3 (72).JPG,3,90,22.872762197071772,16.067282270910077,0.08623676712226924,41.76503076821337,6.235100137283349,15.88875691234441,10.860307012903682
CASE 3 (73).JPG,1,18,1.3291108428211045,27.933752830598504,0.008969078323233506,81.98478178296017,7.407985810375468,26.38187767334303,9.719246427841584
CASE 3 (73).JPG,2,24,0.0104513605881896,1.1877657993986606,0.029242675854859693,3.429851684270697,1.6510826560630063,1.1382755577570498,3.0643147634388157
CASE 3 (73).JPG,3,33,0.07867652831227988,2.285430839010671,0.006825132517837229,3.8734298371272367,2.5004604018014573,2.2161753590406508,4.231222120384615
CASE 3 (74).JPG,1,13,0.9979274276254293,16.240538171771675,0.01720214806050407,47.48266563545172,4.875959103822596,14.991266004712317,9.799103115793917
CASE 3 (74).JPG,2,0,0.0,0.0,0.0,0.0,0.0,0.0,0.0
CASE 3 (74).JPG,3,3,-7.596325120028091e-17,1.4898902925511768,1.160693482787304e-16,3.535639365217892,1.690500069804943,0.9932601950341177,2.2173563822653652
CASE 3 (75).JPG,1,0,0.0,0.0,0.0,0.0,0.0,0.0,0.0
CASE 3 (75).JPG,2,20,2.870993313860963,9.970492782976732,0.05124272139289354,27.848363790166534,2.816674057779909,9.471968143827896,10.396679626507005
CASE 3 (75).JPG,3,13,0.7679936778715125,4.891632287298466,0.12331810262139108,14.110214465336128,3.1815322200267717,4.515352880583199,5.9267306216113305
CASE 3 (76).JPG,1,3,-7.11190439866866e-25,0.013693802538677398,-7.820898390824339e-19,0.040860514398254874,0.14510597300449077,0.009129201692451601,0.18404137101546372
CASE 3 (76).JPG,2,6,9.97497271643736e-05,0.8081637440515661,0.0002200688214926894,2.2201071142678757,1.233720412433688,0.6734697867096385,1.6755527500675942
CASE 3 (76).JPG,3,7,0.1920397691166665,3.2454353199647756,0.10627211207057477,9.438579503743274,2.5834044598362103,2.7818017028269497,3.895437439298599
CASE 3 (77).JPG,1,71,0.0392093531197962,23.267871188195627,0.0004972595699541322,68.65460075031254,6.9922843869569355,22.94015469258721,9.908622721514922
CASE 3 (77).JPG,2,114,0.4478184808706696,3.174682030524347,0.020324952211640657,5.491615584441363,2.7978822499304874,3.146833942537292,7.365613895090028
CASE 3 (77).JPG,3,224,2.2134723248652146,4.067938084669662,0.07114700914321492,8.45152848008125,3.2007916830208183,4.049777646791672,9.575869481081865
CASE 3 (78).JPG,1,71,0.000768816877698106,0.8553091341364415,0.0005024335297472584,1.6220722785337638,1.127206505688266,0.8432625266133932,4.874546681885458
CASE 3 (78).JPG,2,114,0.701246335880616,3.962109889832703,0.020269007523686433,6.710123913432298,2.417381734777303,3.9273545399218874,10.167875950383072
CASE 3 (78).JPG,3,224,10.473255564031216,14.67780948390039,0.0716277531649423,40.336884038569856,4.76717252821163,14.612283548704395,11.302323993358266
CASE 3 (79).JPG,1,71,0.0185550145778317,23.895455879968097,0.00031380426702118993,70.85150185016998,7.756057092638319,23.55890016334882,8.395303064211197
CASE 3 (79).JPG,2,114,0.3485979352033046,2.9241738068871768,0.020246794850786287,5.766511281822366,2.7013529579198634,2.8985231594583407,6.1030699224150595
CASE 3 (79).JPG,3,224,1.740899255518808,3.5802354390135513,0.06706253762646286,6.9250055333199265,2.961080330792401,3.564252245089385,6.86415530186389
CASE 3 (8).JPG,1,61,0.19066817966184604,17.530733515133896,0.002350456368467535,50.99924533222085,6.2650489762125625,17.24334444111531,9.791889587215465
CASE 3 (8).JPG,2,252,0.22375014124612846,3.7165657500212146,0.010655403485543724,8.73508793513025,2.991983538022281,3.7018174732354177,6.8093070516948915
CASE 3 (8).JPG,3,267,0.4832329044307601,4.139983711905484,0.014189908521736072,8.305507570467563,3.2730483306898286,4.1244781549320555,6.508197914664808
CASE 3 (80).JPG,1,94,3.970642698978e-05,0.6563609720457325,0.0003117258703930832,1.9017943892788483,1.1973016496266835,0.6493784085133307,2.1446202115376796
CASE 3 (80).JPG,2,247,18.75359838721171,25.416013921407473,0.09265672305008846,73.39782825426417,8.588500269203434,25.313115079620413,11.036920504934104
CASE 3 (80).JPG,3,163,7.619443593816178,19.081640488038534,0.048733448419203906,54.317767768614374,6.182022818625183,18.964575208970807,10.667777660739603
CASE 3 (81).JPG,1,67,2.4147448257801356,45.529406533733756,0.00830016849475618,134.41553262510277,11.307455426248156,44.84986315263327,9.861197887504101
CASE 3 (81).JPG,2,37,0.20230966468389808,2.6352746063062784,0.022261471945929378,6.481418011738121,2.1987658043061367,2.564050968298002,5.1382210908841905
CASE 3 (81).JPG,3,157,4.812018539811742,9.334673616293601,0.042573317248502995,23.05991199985947,4.546870449077128,9.27521709644459,9.044145575114706
CASE 3 (82).JPG,1,67,1.1295212598884679,3.0712744487478374,0.07260874411565897,6.880191821910506,2.3290334065380067,3.025434531602348,9.060837550824472
CASE 3 (82).JPG,2,37,0.1254463622628638,13.942376560525789,0.0031594921232592655,40.85205839835081,6.06599825548738,13.565555572403474,6.668946074563874
CASE 3 (82).JPG,3,157,4.696432275195306,3.3522112679950737,0.19530622213672721,5.445386290394036,2.9280636292198867,3.330859603867715,6.16550622156922
CASE 3 (83).JPG,1,166,0.17142737161234464,15.504100879885259,0.003840165782398492,45.52795236694202,6.225593394392568,15.410702681813666,10.251787135157656
CASE 3 (83).JPG,2,210,0.2856487302513941,6.034316920726048,0.008119324062793878,15.879281314906358,3.812157461938395,6.005582078246402,8.004534881704991
CASE 3 (83).JPG,3,229,0.8365804174320167,5.243035883384316,0.02120306863519117,12.568709678190839,3.511240424351183,5.220140530181767,7.352072966943261
CASE 3 (84).JPG,1,82,1.0571819517296015,3.4807277052029177,0.058516434634483694,8.173229414262437,2.619640518655117,3.438279806358979,9.741004325514007
CASE 3 (84).JPG,2,40,1.757833748481169,9.862934538029464,0.021597913743341524,26.495385811480464,4.3911458028569665,9.616361174578728,9.37725890659753
CASE 3 (84).JPG,3,123,0.13917399328661034,2.03689607830585,0.016501668125562752,3.969504614700893,2.2520341106644404,2.0203359475879155,4.9977145055540815
CASE 3 (85).JPG,1,82,1.0571819517296015,3.4807277052029177,0.058516434634483694,8.173229414262437,2.619640518655117,3.438279806358979,9.741004325514007
CASE 3 (85).JPG,2,40,1.757833748481169,9.862934538029464,0.021597913743341524,26.495385811480464,4.3911458028569665,9.616361174578728,9.37725890659753
CASE 3 (85).JPG,3,123,0.13917399328661034,2.03689607830585,0.016501668125562752,3.969504614700893,2.2520341106644404,2.0203359475879155,4.9977145055540815
CASE 3 (86).JPG,1,21,0.0072385047362734205,5.936894068674941,0.0006877722891862075,17.19803101629998,3.242580502424058,5.654184827309467,6.8350979468175455
CASE 3 (86).JPG,2,16,0.023038503696955606,3.468758494111329,0.0015850022369207476,8.741989706331982,2.6503184310264247,3.2519610882293732,5.91643601284452
CASE 3 (86).JPG,3,71,2.5364313503916107,6.777391929387536,0.03461448321911842,15.60049204698976,3.630838328581723,6.6819357050299635,10.279933645359515
CASE 3 (87).JPG,1,24,57.91139416226026,44.53022697568418,0.20345588585287655,131.21802164165956,10.860324140836203,42.67480085169734,10.597113498957581
CASE 3 (87).JPG,2,18,4.661048712545034,34.14074528312677,0.018908290174105162,99.93668369929317,8.933513184869808,32.24403721184196,10.254067736068993
CASE 3 (87).JPG,3,77,38.76068434340415,45.9172040379871,0.09098568632878083,134.49311411898978,11.418252895253445,45.32087671281846,11.128730341488206
CASE 3 (88).JPG,1,44,46.743638888728526,40.13766595184628,0.0961333068646204,116.12984698491124,10.15400826238824,39.22544627112251,11.302591625016944
CASE 3 (88).JPG,2,22,10.833407538228641,36.45282008121176,0.04842957843313725,107.22379572250209,9.472841263686954,34.79587371388397,10.536469411882466
CASE 3 (88).JPG,3,56,3.707457215468911,45.65263487427459,0.012454018995568658,134.73600684019215,11.343695334872878,44.837409251519695,10.491000282113843
CASE 3 (89).JPG,1,181,4.273547075667639,40.78876769082281,0.011104660122367186,119.1246092446866,10.480097397474909,40.56341538313868,10.433634195126212
CASE 3 (89).JPG,2,324,4.039906771849104,11.10322124485772,0.04213458996748676,30.079995280529403,4.504490344635603,11.0689520434847,11.105983041359666
CASE 3 (89).JPG,3,313,0.17168872246466307,10.94381296537663,0.0022901479874358876,30.359819274703558,4.69563579041398,10.908848706701297,10.712645109123295
CASE 3 (9).JPG,1,211,1.3573394897592093,10.536228274534512,0.021007079535549592,29.38912905082418,3.9371178120067065,10.486293543375568,10.454196690202046
CASE 3 (9).JPG,2,432,0.28621857221370406,3.031286895714093,0.015607492950007185,6.0441628784083345,2.792379298352281,3.0242700278999415,6.050046806563375
CASE 3 (9).JPG,3,61,0.004053105347181852,4.266457887857986,0.00018121936975029583,10.711103102891702,3.4377342009353336,4.19651595527015,4.385409755074266
CASE 3 (90).JPG,1,59,209.04277979045582,38.58832891629161,0.2999607464749312,109.07589237447127,9.959265382953848,37.934289443134126,11.770214887307489
CASE 3 (90).JPG,2,22,11.732302011511013,34.477620711476504,0.04680328029248587,100.9017344242878,9.102780392209654,32.91045613368212,10.379017557487748
CASE 3 (90).JPG,3,23,21.052805268619498,45.37346034883996,0.06883890443477159,133.76524467513426,11.14257847923268,43.400701203238235,10.405224782010668
CASE 3 (91).JPG,1,47,25.276986709550126,10.743345991857652,0.18519689917329824,26.987404133064945,5.183669354497568,10.514764162243665,9.731206618045855
CASE 3 (91).JPG,2,20,11.033169278442221,14.833515503207567,0.08999756757472038,41.453134903528735,5.817943322591165,14.09183972804719,9.35615309981152
CASE 3 (91).JPG,3,28,4.40668032830445,8.208268342086429,0.12652855395761903,22.982908836142023,4.110090932867207,7.9151159012976295,9.065188065417203
CASE 3 (92).JPG,1,55,1.2417423426991214,9.667898238702593,0.02060424452985099,26.72831549622499,4.82293922026565,9.492118270726184,8.398187048191216
CASE 3 (92).JPG,2,28,3.6164725666266917,5.558517887174665,0.11764565071288678,14.427180959370343,3.2982934892203204,5.359999391204141,6.902079697070566
CASE 3 (92).JPG,3,48,18.21398425216366,9.72612920289327,0.2293199665711012,25.88006129699086,4.257951954952429,9.523501511166335,9.293775614532438
CASE 3 (93).JPG,1,55,1.2417423426991214,9.667898238702593,0.02060424452985099,26.72831549622499,4.82293922026565,9.492118270726184,8.398187048191216
CASE 3 (93).JPG,2,28,3.6164725666266917,5.558517887174665,0.11764565071288678,14.427180959370343,3.2982934892203204,5.359999391204141,6.902079697070566
CASE 3 (93).JPG,3,48,18.21398425216366,9.72612920289327,0.2293199665711012,25.88006129699086,4.257951954952429,9.523501511166335,9.293775614532438
CASE 3 (94).JPG,1,6,4.802224449710926,7.6173127837273595,0.18319188644795323,21.44643731658475,3.690859144075939,6.347760653106133,5.84866180430122
CASE 3 (94).JPG,2,17,112.50576142564883,14.649140128737903,0.5410868509659554,37.923583965591426,6.223081830005932,13.787426003518027,8.463355020104204
CASE 3 (94).JPG,3,6,25.79858028600996,5.910366246334643,0.4979790449154282,13.353494042487833,3.381486284737688,4.9253052052788675,5.573714974555663
CASE 3 (95).JPG,1,66,0.0496850430567607,14.133341043005565,0.0006424986176085314,40.489477684748174,5.014257294343022,13.919199512050943,9.802201407195557
CASE 3 (95).JPG,2,164,26.0176546520996,24.015143727104135,0.12647295676281647,68.93472741159853,7.739516525632362,23.868709923890066,11.353127078828024
CASE 3 (95).JPG,3,140,5.555216296321775,6.104774594355821,0.13617852926876384,15.555726551761897,2.5630669856140225,6.061169061539,10.758098304216865
CASE 3 (96).JPG,1,64,0.03810094984189567,14.14825775273129,0.0007881299026576637,41.272665337878934,4.883097613107905,13.92719122534487,9.743824378411128
CASE 3 (96).JPG,2,80,0.6723223342882546,25.224381592450158,0.005379270225243011,73.97829800714572,8.248428730890517,24.909076822544517,10.019885427405773
CASE 3 (96).JPG,3,239,5.161789718648564,6.625724684681561,0.08656642943021486,16.083111222834496,2.782741048557403,6.598001987256114,11.584488878030093
CASE 3 (97).JPG,1,35,0.008205691486455313,2.149420558337765,0.0019228712602649299,5.697316738410627,1.8200035517954563,2.0880085423852575,4.882797051364208
CASE 3 (97).JPG,2,23,3.2667317188426415,34.20369402910857,0.01756229864177086,100.74723376984487,9.695151317836512,32.71657689740815,9.653872848442683
CASE 3 (97).JPG,3,26,19.02046990222611,16.17583032285663,0.13234874544292102,45.216792665751385,6.216667551000341,15.553683002746766,9.491119055024994
CASE 3 (98).JPG,1,29,0.0229576469638093,18.26900093594832,0.00024292768961982879,53.02448836273581,5.700629599770497,17.639035386432873,9.690094455945388
CASE 3 (98).JPG,2,28,0.008688190161282212,15.288773871817407,0.0001026014730007075,43.939025611186274,5.382534581486716,14.742746233538211,9.899534149610245
CASE 3 (98).JPG,3,108,4.5535581143640504,5.712650828625816,0.07085043338506924,11.457842800465214,3.642094448151014,5.659755913545944,9.74961529057274
CASE 3 (99).JPG,1,39,0.1580923437894558,14.84781552289089,0.0026427711412091793,43.15460955481928,5.334415060918735,14.467102304355217,9.89243655761945
CASE 3 (99).JPG,2,32,0.013071331136490926,11.900609133372098,0.0002728941887311981,34.30530093819963,4.230849169426034,11.528715097954219,9.395235105168927
CASE 3 (99).JPG,3,94,2.2933521519272904,4.704856798161249,0.04933390512197455,8.75639033574315,3.432622735422158,4.654805130095704,9.8046731520193
